Drug1,L1_FI,L1_MCK,L1_SMA,Drug2,L2_FI,L2_MCK,L2_SMA,Drug3,L3_FI,L3_MCK,L3_SMA
Ipilimumab,250,314,228,Pembrolizumab,87,120,34,Pembrolizumab,20,22,2
Not Ipilimumab,866,587,330,Not Pembrolizumab,282,262,123,Not Pembrolizumab,100,68,47
Pembrolizumab,189,197,84,"Dabrafenib,Trametinib",46,8,11,Nivolumab,17,23,12
Not Pembrolizumab,927,704,474,"Not Dabrafenib,Trametinib",323,374,146,Not Nivolumab,103,67,37
Dabrafenib + Tramenitib,132,17,42,Nivolumab,44,145,23,Dabrafenib + Trametinib,13,0,4
Not Dabrafenib + Tramenitib,984,884,516,Not Nivolumab,325,237,134,Not Dabrafenib + Trametinib,107,90,45
ipilimumab + nivolumab,128,154,46,Ipilimumab,43,27,33,Ipilimumab,11,7,8
Not ipilimumab + nivolumab,988,747,512,Not Ipilimumab,326,355,124,Not Ipilimumab,109,83,41
Nivolumab,121,172,34,"Ipilimumab,Nivolumab",25,46,18,Ipilimumab + Nivolumab,11,16,8
Not Nivolumab,995,729,524,"Not Ipilimumab,Nivolumab",344,336,139,Not Ipilimumab + Nivolumab,109,74,41
,,,,,,,,,,,
,,,,,,,,,,,
,,,,,,,,,,,
,,,,,,,,ssss,,,
