Drugs1,L1_FI,L1_MCK,L1_MS,L1_IQ,L1_SMA,Drugs2,L2_FI,L2_MCK,L2_MS,L2_IQ,L2_SMA,Drugs3,L3_FI,L3_MCK,L3_MS,L3_IQ,L3_SMA
Number,2666,560,3980,739,817,Number,930,260,1368,339,226,Number,326,66,630,154,73
Ipilimumab,660,253,666,258,345,Pembrolizumab,173,93,94,81,37,Pembrolizumab,50,15,25,28,3
Not Ipilimumab,2006,307,3314,481,472,Not Pembrolizumab,757,167,1274,258,189,Not Pembrolizumab,276,51,605,126,70
Pembrolizumab,362,105,191,92,92,"Dabrafenib,Trametinib",127,5,77,32,15,"Dabrafenib,Trametinib",42,0,39,20,7
Not Pembrolizumab,2304,455,3789,647,725,"Not Dabrafenib,Trametinib",803,255,1291,307,211,"Not Dabrafenib,Trametinib",284,66,591,134,66
Vemurafenib,273,7,280,38,109,Ipilimumab,127,18,153,51,55,Nivolumab,39,15,29,26,14
Not Vemurafenib,2393,553,3700,701,708,Not Ipilimumab,803,242,1215,288,171,Not Nivolumab,287,51,601,128,59
"Dabrafenib,Trametinib",259,12,142,6.22,45,Nivolumab,104,90,54,43,26,Ipilimumab,30,6,47,16,12
"Not Dabrafenib,Trametinib",2407,548,3838,732.78,772,Not Nivolumab,826,170,1314,296,200,Not Ipilimumab,296,60,583,138,61
"Ipilimumab,Nivolumab",250,77,115,72,49,"Ipilimumab,Nivolumab",54,26,36,13,19,"Ipilimumab,Nivolumab",29,12,15,4,9
"Not Ipilimumab,Nivolumab",2416,483,3865,667,768,"Not Ipilimumab,Nivolumab",876,234,1332,326,207,"Not Ipilimumab,Nivolumab",297,54,615,150,64
Nivolumab,232,76,102,85,36,Temozolomide,49,2,76,15,8,Temozolomide,16,0,27,8,1
Not Nivolumab,2434,484,3878,654,781,Not Temozolomide,881,258,1292,324,218,Not Temozolomide,310,66,603,146,72
