Drug1,L1_FI,L1_SMA,Drug2,L2_FI,L2_SMA,Drug3,L3_FI,L3_SMA
Ipilimumab,288,202,Nivolumab,137,24,Nivolumab,20,11
NOT Ipilimumab,523,326,NOT Nivolumab,207,113,NOT Nivolumab,61,30
Pembrolizumab,183,83,Pembrolizumab,107,31,Pembrolizumab,20,2
NOT Pembrolizumab,628,445,NOT Pembrolizumab,237,106,NOT Pembrolizumab,61,39
Nivolumab,144,34,Ipilimumab + Nivolumab,39,16,Ipilimumab + nivolumab,12,6
NOT Nivolumab,667,494,NOT Ipilimumab + Nivolumab,305,121,NOT Ipilimumab + nivolumab,69,35
ipilimumab + nivolumab,140,45,Ipilimumab ,22,25,Pacliataxel,9,1
NOT ipilimumab + nivolumab,671,483,NOT Ipilimumab ,322,112,NOT Ipilimumab,72,40
Dabrafenib + Tramenitib,15,36,Dabrafenib + trametinib,7,5,Ipilimumab,7,7
NOT Dabrafenib + Tramenitib,796,492,NOT Dabrafenib + trametinib,337,132,NOT Ipilimumab,74,34
