Drug1,L1_FI,L1_SMA,Drug2,L2_FI,L2_SMA,Drug3,L3_F1,L3_SMA
Ipilimumab,439,444,Ipilimumab,103,63,Pembrolizumab,35,5
Vemurafenib,215,153,Pembrolizumab,97,36,"Dabrafenib,Trametinib",30,4
Pembrolizumab,175,89,"Dabrafenib,Trametinib",76,7,Nivolumab,26,13
"Dabrafenib,Trametinib",152,40,Nivolumab,63,26,Ipilimumab,17,11
"Ipilimumab,Nivolumab",116,49,Temozolomide,41,12,"Ipilimumab,Nivolumab",16,9
Temozolomide,111,16,Vemurafenib,34,37,Vemurafenib,14,8
Nivolumab,107,36,"Ipilimumab,Nivolumab",28,17,Temozolomide,12,1
others,360,160,others,171,52,others,80,27
