Drug1,L1_FI,L1_SMA,Drug2,L2_FI,L2_SMA,Drug3,L3_F1,L3_SMA
Ipilimumab,453,436,Pembrolizumab,102,36,Pembrolizumab,33,5
Not Ipilimumab,1205,543,Not Pembrolizumab,501,206,Not Pembrolizumab,180,66
Vemurafenib,216,154,Ipilimumab,94,65,"Dabrafenib,Trametinib",25,4
Not Vemurafenib,1442,825,Not Ipilimumab,509,177,"Not Dabrafenib,Trametinib",188,67
Pembrolizumab,192,89,"Dabrafenib,Trametinib",71,7,Nivolumab,24,13
Not Pembrolizumab,1466,890,"Not Dabrafenib,Trametinib",532,235,Not Nivolumab,189,58
"Dabrafenib,Trametinib",133,40,Nivolumab,54,26,Ipilimumab,22,11
"Not Dabrafenib,Trametinib",1525,939,Not Nivolumab,549,216,Not Ipilimumab,191,60
"Ipilimumab,Nivolumab",123,49,Temozolomide,41,12,"Ipilimumab,Nivolumab",16,9
"Not Ipilimumab,Nivolumab",1535,930,Not Temozolomide,562,230,"Not Ipilimumab,Nivolumab",197,62
Temozolomide,117,16,Vemurafenib,31,36,Temozolomide,13,1
Not Temozolomide,1541,963,Not Vemurafenib,572,206,Not Temozolomide,200,70
Nivolumab,107,35,"Ipilimumab,Nivolumab",26,17,Dabrafenib,9,4
Not Nivolumab,1551,944,"Not Ipilimumab,Nivolumab",577,225,Not Dabrafenib,204,67
