Drug1,L1_FI,L1_SMA,Drug2,L2_FI,L2_SMA,Drug3,L3_F1,L3_SMA
Ipilimumab,447,444,Pembrolizumab,97,36,Pembrolizumab,34,5
Vemurafenib,223,153,Ipilimumab,95,63,"Dabrafenib,Trametinib",28,4
Pembrolizumab,179,89,"Dabrafenib,Trametinib",77,7,Nivolumab,23,13
"Dabrafenib,Trametinib",149,40,Nivolumab,61,26,Ipilimumab,16,11
"Ipilimumab,Nivolumab",116,49,Temozolomide,37,12,"Ipilimumab,Nivolumab",16,9
Temozolomide,115,16,Vemurafenib,31,37,Vemurafenib,12,8
Nivolumab,109,36,"Ipilimumab,Nivolumab",23,17,Temozolomide,11,1
others,316,150,others,174,44,others,71,20
