Drug1,L1_FI,L1_SMA,Drug2,L2_FI,L2_SMA,Drug3,L3_F1,L3_SMA
Ipilimumab,709,528,Pembrolizumab,204,36,Pembrolizumab,60,5
Pembrolizumab,522,91,"Dabrafenib,Trametinib",148,8,"Dabrafenib,Trametinib",48,4
"Ipilimumab,Nivolumab",379,49,Ipilimumab,145,75,Nivolumab,43,13
Nivolumab,338,38,Nivolumab,128,26,"Ipilimumab,Nivolumab",35,13
"Dabrafenib,Trametinib",334,41,"Ipilimumab,Nivolumab",76,17,Ipilimumab,33,9
Vemurafenib,277,188,Temozolomide,56,15,Temozolomide,17,1
Temozolomide,136,26,Vemurafenib,38,44,Vemurafenib,15,8
Others,654,146,Others,303,49,Others,132,25
